WC,Analytic,Clout,Authentic,Tone,WPS,Sixltr,Dic,function,pronoun,ppron,i,we,you,shehe,they,ipron,article,prep,auxverb,adverb,conj,negate,verb,adj,compare,interrog,number,quant,affect,posemo,negemo,anx,anger,sad,social,family,friend,female,male,cogproc,insight,cause,discrep,tentat,certain,differ,percept,see,hear,feel,bio,body,health,sexual,ingest,drives,affiliation,achieve,power,reward,risk,focuspast,focuspresent,focusfuture,relativ,motion,space,time,work,leisure,home,money,relig,death,informal,swear,netspeak,assent,nonflu,filler,AllPunc,Period,Comma,Colon,SemiC,QMark,Exclam,Dash,Quote,Apostro,Parenth,OtherP,comments,duration,views
2149,65.42,76.46,51.77,72.78,19.19,16.66,86.6,54.72,16.61,8.79,3.49,1.72,2.42,0.47,0.7,7.77,7.35,14.19,9.12,4.37,5.96,0.88,17.26,4.37,2.14,1.58,1.35,3.3,4.84,3.63,1.12,0.14,0.19,0.37,10.05,0.28,0.19,0.33,0.37,10.42,2.23,1.95,1.21,2.09,1.35,2.61,3.49,0.79,2.19,0.42,0.79,0.09,0.19,0,0.47,7.35,2.65,1.26,2.14,1.4,0.51,4.33,11.73,1.54,14.61,2.37,7.63,4.84,2.51,0.88,0.47,1.49,0,0.05,0.23,0,0.05,0.09,0.09,0,21.17,6.42,5.91,0.37,0.19,0.37,0.28,1.02,0.88,2.93,2.79,0,265,977,3200520
2707,58.87,61.92,49.64,49.86,25.06,20.58,88.92,57.81,13.26,5.17,0.81,2.81,1.07,0.11,0.37,8.09,8.13,14.67,9.31,7.17,9.05,1.81,15.55,5.58,2.84,1.33,1.99,2.73,4.47,2.88,1.59,0.41,0.18,0.26,5.98,0,0,0,0.11,15.4,3.36,2.25,1.96,3.07,2.4,4.21,2.73,1.7,0.66,0.3,0.66,0.18,0.37,0,0.04,8.31,2.99,1.92,1.74,0.81,1.26,2.22,12.52,1.22,14.63,0.92,9.27,4.62,2.03,0.07,0.11,0.3,0.04,0.15,0.44,0,0,0.07,0.37,0,18.73,4.65,8.09,0.22,0.04,0.41,0.04,0.81,0.59,3.07,0.81,0,184,1140,1096862
2316,88.78,59.55,52.49,35.58,24.12,24.48,81,52.33,11.31,5.09,2.2,1.99,0.35,0,0.56,6.22,8.38,17.06,7.47,4.49,5.79,0.3,12.52,4.92,2.03,1.04,2.98,2.5,2.72,1.6,1.04,0.04,0.17,0.35,4.62,0,0.04,0,0.04,10.66,2.81,1.42,1.21,2.59,1.55,2.03,1.68,0.95,0.17,0.47,1.99,0.13,1.34,0,0.04,6.3,2.42,1.21,2.03,0.82,0.39,3.07,8.2,1.3,15.54,1.77,8.64,5.44,2.25,0.3,0.17,0.26,0.13,0.04,0.17,0,0.04,0.09,0.04,0,13.69,4.4,6.65,0.26,0.09,0.3,0.04,0.47,0.6,0.78,0.09,0,89,1355,1335732
2653,58.29,78.91,52.98,61.51,21.75,14.85,83.98,56.16,14.85,8.18,1.39,2,1.7,0.11,2.98,6.67,7.73,14.21,8.44,6.63,8.93,1.09,16.06,4.3,2.6,1.43,2.15,2.45,3.88,2.86,0.98,0.11,0.3,0.11,9.54,0.11,0.04,0.15,0.04,9.23,2.11,1.28,0.9,2.56,0.98,2.64,1.92,1.06,0.38,0.45,2.3,0.53,0.83,0.08,0.75,7.61,2.56,0.72,3.05,1.51,0.15,2.22,12.17,1.43,16.32,2.64,9.95,3.88,1.13,0.75,0.08,0.19,0.34,0.08,0.45,0.08,0,0.08,0.3,0,19.15,4.86,8.07,0.08,0.11,0.26,0.04,0.49,0.45,4.49,0.3,0,87,1001,870412
2637,54.68,81.25,24.58,63.15,14.18,18.32,83.24,51.61,15.4,8.57,2.09,3,1.9,0.3,1.29,6.83,6.33,12.67,9.9,5.08,6.86,1.06,18.58,5.04,2.39,1.67,4.51,2.84,3.79,2.84,0.87,0.38,0.15,0.08,10.09,0.23,0.15,0.19,0.3,12.17,2.35,2.43,2.05,2.2,1.71,2.96,1.9,1.06,0.49,0.3,0.8,0.11,0.49,0,0.19,8.38,3.6,1.21,2.43,1.48,0.53,3.56,12.59,1.63,11.83,2.81,5.84,3.3,3.38,0.19,0.11,2.77,0.04,0.04,0.53,0,0.08,0.15,0.3,0,21.2,7.47,5.99,0.19,0.08,0.91,0,0.95,0.46,4.7,0.38,0.08,295,1072,805111
3477,58.88,87.44,34.85,48.16,17.65,18.87,87.49,54.82,15.07,7.91,1.29,2.96,0.83,0.69,2.13,7.16,6.64,15.04,8.25,7.13,8.2,0.83,15.42,5.18,3.25,2.07,2.07,3.34,4.66,2.93,1.73,0.17,0.43,0.17,12.77,0.46,0.03,0.66,0.29,11.71,2.27,2.33,1.32,3.19,1.41,2.96,1.41,0.6,0.4,0.29,1.93,0.52,0.98,0.14,0.4,8.77,4.57,1.32,2.24,1.01,0.46,3.54,10.84,1.18,14.15,1.78,7.51,4.89,2.01,0.55,0.35,0.66,0.12,0.06,0.46,0,0.03,0.12,0.29,0,18.03,5.75,7.88,0.09,0.09,0.55,0,0.46,0.35,2.7,0.06,0.12,62,1426,556147
2624,60.19,81.99,35.37,69.58,28.22,18.56,83.84,56.97,16.65,10.18,3.54,2.71,1.49,0.3,2.13,6.48,7.09,15.28,8.92,5.49,8,0.65,15.74,3.54,2.06,1.98,1.03,1.56,2.86,2.59,0.27,0.11,0.11,0.04,11.39,0.19,0.46,0.3,0.46,8.88,2.21,1.91,1.22,1.79,0.5,2.25,2.44,1.14,0.88,0.34,0.88,0.34,0.23,0.08,0.27,8.57,4.5,1.07,2.21,1.18,0.15,3.66,10.33,0.72,12.27,2.21,7.74,2.55,3.12,1.56,0.38,0.42,0.08,0.04,0.23,0,0,0.04,0.19,0,15.62,4.46,6.97,0.04,0.15,0.11,0.04,0.34,0.38,2.29,0.84,0,61,990,398835
1071,58.02,78.09,42.04,30.5,15.52,16.25,83.57,56.86,15.03,7.1,0.65,2.33,1.87,0,2.24,7.94,6.44,14.94,8.59,6.26,8.59,1.03,15.5,2.61,1.31,1.49,2.89,4.3,2.71,1.49,1.21,0.37,0.56,0.28,8.78,0,0.19,0,0.09,12.51,2.05,2.43,1.31,2.8,2.8,3.45,1.31,0.65,0.09,0.37,1.03,0.09,0.65,0,0.28,7.38,2.61,1.03,2.89,0.56,0.75,1.77,12.7,1.4,14.94,2.15,9.71,3.45,1.49,0.19,0,0.93,0.19,0.09,0.09,0.09,0,0,0,0,16.99,6.63,5.51,0.19,0.65,0.47,0,0.65,0.37,2.33,0.19,0,103,394,555846
1499,69.33,81.43,55.39,62.46,11.9,14.88,86.19,52.23,15.68,11.41,5.07,3.94,2,0.07,0.33,4.27,6.8,14.41,9.87,3.67,4.2,1.67,17.14,4.14,2.54,1.2,4.8,2.74,4.07,3,1.07,0.27,0.27,0.33,12.27,0.93,0.13,0.6,1.67,9.21,2.33,1.67,1.4,1.73,1.07,2.54,3.07,1.27,0.8,0.6,2.4,0.27,1.27,0,0.6,8.21,4.94,1.27,1.73,0.4,0.27,2.94,13.48,0.8,13.34,2,6.67,5,1.27,1.47,0.33,0.47,0.07,0.07,0.13,0,0.07,0,0.07,0,20.68,9.94,4,1.6,0.13,0.73,0.07,0.2,0.4,2.4,1.07,0.13,143,894,751889
2751,50.76,76.31,58.45,40.11,14.95,14.21,86.7,59.87,18.5,10.25,3.82,4.18,1.42,0.18,0.65,8.22,6.98,14.25,9.2,5.53,7.67,1.02,17.41,3.09,1.31,1.82,1.82,2.8,3.09,1.93,1.13,0.22,0.07,0.44,9.01,0.22,0.18,0.15,0.36,10.98,2.07,1.2,1.09,2.4,2.65,2.58,2,0.76,0.44,0.22,2.76,0.69,0.84,0,1.24,8.47,4.43,1.13,1.67,0.98,0.69,6.76,8.14,1.24,15.09,2.8,9.27,3.09,1.53,0.33,0.36,0.18,0.04,0.22,0.47,0.04,0.04,0.15,0.22,0,16.94,6.83,6.4,0.18,0.18,0.55,0.11,0.44,0.58,1.27,0.36,0.04,103,953,843719
2654,66.47,72.91,41.23,57.11,15.43,18.8,83.57,53.17,12.58,5.31,1.06,1.58,0.9,0.04,1.73,7.27,7.57,13.75,10.14,5.84,7.01,0.75,16.69,5.73,3.13,2.19,2.26,3.05,4.3,2.98,1.32,0.19,0.38,0.26,7.72,0.19,0.3,0.04,0.19,7.99,1.09,2,0.87,1.66,0.83,2.3,1.62,0.9,0.53,0.19,0.6,0.11,0.26,0,0.19,8.33,2.49,1.51,2.94,1.77,0.45,1.96,12.92,1.85,16.13,2.79,9.38,4.3,2.19,0.26,0.38,0.9,0.11,0.23,0.45,0,0,0.15,0.3,0,19.82,7.35,7.72,0.23,0.08,0.3,0,0.45,0.68,2.75,0.23,0.04,473,1002,646378
2611,57.49,67.97,35.71,52.34,17.18,16.05,85.29,57.64,16.39,7.93,2.34,2.53,2.18,0.34,0.54,8.46,8.46,13.94,9.73,5.48,7.28,1.84,17.12,4.83,3.03,1.03,2.34,2.41,3.6,2.49,1.07,0.04,0.11,0.46,7.77,0.08,0.04,0.08,0.38,11.68,2.11,1.42,2.14,3.18,1.38,3.64,3.14,1.84,0.54,0.57,1.72,0.31,0.23,0,1,6.43,2.76,1.15,1.26,1.19,0.92,2.53,13.4,1.23,13.21,1.72,8.08,3.56,2.07,0.46,0.23,0.65,0.04,0.04,0.08,0,0,0.08,0,0,18.65,6.47,6.74,0.11,0,0.34,0,0.11,0.61,3.79,0.46,0,99,1028,679728
838,90.02,77.75,25.58,34.02,23.28,19.33,81.5,54.06,13.48,5.85,0.84,3.22,1.19,0,0.6,7.64,8.83,18.97,6.44,4.06,6.44,0.36,11.93,4.53,3.7,1.55,4.77,3.94,0.72,0.6,0.12,0,0,0,6.56,0,0.12,0,0,7.52,0.95,1.55,0.36,1.79,1.67,2.15,1.67,0.95,0.12,0.6,0.72,0.24,0,0,0.48,9.19,4.06,0.36,3.7,1.07,0.12,2.15,8.95,0.24,13.48,2.15,8.47,2.51,5.49,0.12,0,0.36,0,0,0.12,0,0.12,0,0,0,14.8,5.73,5.37,0,0.72,0,0,0.6,0,2.15,0.24,0,124,253,470615
2862,69.7,80.29,33.11,31.74,16.74,16.91,83.89,56.04,14.85,6.74,1.33,2.45,1.33,0.35,1.29,8.11,8.28,14.78,7.93,6.78,6.53,0.7,14.08,3.7,1.57,1.92,1.75,2.48,3.32,1.82,1.47,0.31,0.52,0.21,9.75,0.38,0.17,0.35,1.15,10.03,1.68,1.26,0.59,2.9,1.71,2.97,2.31,1.08,0.84,0.28,1.92,0.38,0.35,0.03,1.12,8.07,2.9,1.26,2.8,0.94,0.52,3.18,9.96,0.73,13.35,1.71,7.72,3.95,1.5,0.98,0.1,0.21,0.21,0.45,0.31,0,0,0.17,0.14,0,19.01,6.39,7.97,0.17,0.03,0.42,0.03,0.17,0.35,2.34,0.49,0.63,42,1038,397719
776,71.46,72.76,48.32,23.74,23.52,19.72,78.87,51.55,13.53,7.6,2.32,3.09,0.64,0.52,1.03,5.93,5.93,14.69,7.09,4.25,8.51,0.26,13.4,3.09,2.19,1.8,2.84,1.8,1.42,0.64,0.77,0,0.26,0.39,8.12,0,0.52,0.13,1.03,9.15,3.09,1.29,1.03,1.8,0.39,3.22,1.16,1.16,0,0,0.77,0,0.64,0,0.13,6.7,3.35,0.77,2.19,0.13,0.26,3.35,9.15,0.9,13.66,3.35,6.44,3.74,3.35,1.29,0,0.13,0,0.13,0.13,0,0,0.13,0,0,12.89,5.15,6.57,0,0,0,0,0,0,0.9,0.26,0,150,307,426610
2359,59.35,55.22,59.38,46.89,21.25,16.83,83.34,56.51,14.96,5.3,2.29,0.42,1.44,0.21,0.93,9.67,8.52,13.9,10.22,6.44,7.72,0.72,17.42,4.24,3.18,1.74,2.97,2.16,2.2,1.65,0.51,0.13,0.13,0.08,5.26,0,0.21,0,0.25,9.07,2.29,0.81,0.89,2.71,0.85,2.8,2.88,1.4,0.72,0.47,1.53,0.3,0.81,0,0.21,4.15,1.02,1.1,1.48,0.72,0.21,3.98,11.32,1.02,16.15,1.95,9.07,5.51,1.36,0.81,0.17,0,0.21,0.38,0.3,0,0.08,0.04,0.21,0,15.73,5.47,6.1,0.08,0.08,0.08,0,0.25,0.17,3.14,0.34,0,175,848,1424250
3143,59.47,55.56,70.21,59.51,18.71,15.4,85.33,56.6,14.83,7.38,3.31,0.89,1.59,0.67,0.92,7.45,8.18,13.68,8.59,5.73,9.35,0.95,16.61,4.01,2.07,1.37,2.04,2.16,3.66,2.7,0.92,0.19,0.35,0.25,6.11,0,0.19,0.06,0.7,10.09,1.65,1.37,1.18,2.39,1.78,2.86,2.86,1.97,0.38,0.45,2.48,1.05,0.83,0.03,0.54,5.6,1.56,1.08,2.32,0.64,0.22,4.87,9.23,1.43,18.2,3.31,11.33,3.91,1.24,0.99,0.19,0.13,0,0.38,0.45,0.06,0,0.19,0.16,0.06,18.1,5.63,7.48,0.16,0.13,0.22,0.29,0.19,1.02,2.8,0.19,0,136,1092,940841
3288,62.12,74.35,38.72,48.33,17.58,15.78,81.6,55.72,13.72,8,1.76,1.92,1.73,0.52,2.07,5.69,8.03,14.14,9.09,7.15,7.69,1.16,16.39,3.65,2.49,1.49,2.52,2.83,3.16,2.16,0.94,0.27,0.36,0.18,8.73,0.03,0.09,0.12,0.73,10.61,2.43,1.52,1.22,3.07,0.97,2.92,2.04,1.16,0.43,0.18,1.03,0.4,0.24,0.09,0.27,6.57,2.25,1.13,1.73,1.52,0.27,4.96,10.34,0.88,13.9,1.64,8.42,4.01,1.4,0.27,0.15,0.55,0.06,0.43,0.46,0,0,0.18,0.18,0.03,18.52,6.63,6.6,0.09,0.21,0.21,0,0.49,1.09,2.83,0.3,0.06,44,1006,478456
1169,35.43,71.1,53.71,33.14,14.43,18.39,84.69,59.79,15.57,8.3,1.8,1.97,1.45,0.43,2.65,7.27,8.3,10.78,11.29,6.5,9.58,2.31,16.77,4.36,2.57,1.45,1.97,1.63,2.65,1.54,1.11,0.09,0.26,0.68,9.84,0,0.09,0,0.43,12.49,2.99,2.82,1.03,1.88,1.11,3.59,1.71,0.6,0.43,0.34,0.86,0.17,0.43,0,0.26,5.99,2.14,0.94,1.8,0.77,0.86,7.19,10.52,1.03,14.63,1.97,7.61,5.13,0.94,0.51,0,0.09,0,0.43,0.26,0,0,0,0.26,0,17.11,7.44,5.73,0.09,0,0.34,0,0.17,0.86,1.97,0.51,0,27,542,224768
2297,85.85,56.58,50.18,74.42,20.69,23.25,77.75,45.49,8.84,4.18,1.7,1.65,0.3,0.26,0.26,4.66,7.49,13.54,7.53,4.27,5.53,0.78,13.23,5.7,3.61,1.09,3.13,3.13,4.48,3.53,0.91,0.13,0.17,0.22,4.7,0.17,0,0.04,0.3,11.01,2.18,3.44,1.57,1.57,1.35,2.53,3.09,0.96,0.48,1.52,0.48,0.22,0.04,0,0.22,6.97,2.09,0.96,2.66,1.04,0.7,3.7,7.23,1.61,16.46,2.57,7.88,6.31,2.26,0.13,0.35,0.91,0.09,0.04,0.13,0,0,0,0.13,0,14.19,5.7,5.7,0.04,0.04,0.3,0,0.61,0.35,1.35,0.09,0,844,1071,1243930
988,73.05,59.6,59.68,76.32,15.68,15.49,84.21,52.43,12.65,6.28,2.63,1.62,1.32,0.1,0.61,6.28,9.21,13.26,7.59,6.98,6.68,0.91,13.56,6.48,1.82,1.82,2.73,2.94,4.05,3.34,0.61,0,0.2,0.1,5.87,0.51,0,0.2,0.1,10.93,1.82,1.62,0.71,2.63,2.13,2.83,3.85,1.92,0.3,1.01,2.43,1.32,0.51,0.2,0.3,7.49,2.43,1.32,1.62,2.13,0.2,3.24,10.12,0.4,15.99,1.42,9.01,5.97,0.3,1.72,0.51,0.1,0.1,0,0.1,0,0,0.1,0,0,19.74,7.09,5.67,0.61,0.1,0.2,0,1.11,0.4,2.94,1.62,0,67,608,737937
416,78.1,66.74,26.92,34.09,23.11,24.76,79.81,53.85,12.26,6.01,1.68,1.92,1.44,0,0.96,6.25,9.62,15.14,7.93,5.53,8.17,0.96,11.54,2.88,1.92,1.68,1.92,1.68,2.88,1.68,1.2,0.72,0.24,0.24,5.29,0,0,0,0,6.49,1.2,2.4,0.48,0.96,0.24,1.68,1.68,1.2,0.24,0,2.64,0,0,0,2.64,6.97,2.4,1.2,0.96,2.16,0.48,0.48,10.58,0.48,13.22,0.96,9.86,2.88,3.61,0.96,0,0.48,0,0,0,0,0,0,0,0,14.18,6.25,2.16,0,0.48,0,0,0.72,0,3.37,0.48,0.72,104,181,940703
2262,55.38,83.58,40.98,59.25,19.67,15.25,84.7,55.92,14.63,8.22,1.24,2.96,2.21,0.09,1.72,6.41,7.52,13.66,8.89,7.78,7.52,1.41,16.53,4.86,1.99,2.39,1.15,1.9,3.58,2.65,0.88,0.13,0.18,0.18,10.04,0,0.53,0.13,0.27,9.95,1.99,2.21,1.15,2.48,0.4,2.74,3.93,2.12,0.66,0.22,2.34,0.35,0.97,0,1.02,7.29,3.54,1.19,1.72,0.93,0.49,2.43,13.4,1.28,14.9,1.9,8.97,4.24,2.03,0.71,0.66,0.31,0.04,0.31,0.35,0.04,0.04,0,0.27,0,18.97,5.7,7.69,0,0,0.49,0,0.22,0.44,3.36,0.97,0.09,89,763,687263
2544,47.08,81.6,32.98,42.16,18.84,16.19,85.46,57.9,16.35,8.14,1.06,3.14,2.04,0,1.89,8.22,6.21,14.5,9.71,7.94,8.1,0.59,15.96,4.68,2.71,2.04,2.52,2.04,3.58,2.24,1.34,0.31,0.31,0.2,8.84,0.04,0.04,0,0.08,11.95,2.59,2.04,2.2,2.83,1.34,3.38,3.85,2.4,0.83,0.08,2.48,0.59,1.57,0,0.24,7.43,3.34,1.38,1.81,0.75,0.67,1.73,13.29,1.57,13.52,2.04,7.11,4.48,0.86,0.2,0.16,0.51,0.28,0.08,0.59,0,0,0.31,0.31,0,16.51,5.27,7.15,0.04,0,1.06,0,0.47,0.39,2.04,0.08,0,79,985,472121
945,64.45,89.01,13.53,36.98,15.75,21.8,80.32,52.91,14.18,9.42,0.95,1.38,2.75,1.06,3.28,4.76,6.14,14.18,9.84,5.08,5.93,1.06,15.87,3.7,2.12,1.9,2.22,1.06,5.93,3.28,2.65,0.42,1.16,0.21,12.38,0.21,0.21,0.32,1.06,8.25,1.59,2.65,1.69,0.85,0.32,2.12,2.54,0.63,1.48,0.32,1.59,0.42,1.06,0.11,0,8.36,2.75,1.27,3.49,0.74,1.16,2.22,12.7,0.85,12.49,2.33,7.72,2.43,2.33,0.21,0.32,0.42,0.53,0.63,0.21,0.11,0,0,0.11,0,19.79,6.77,6.46,0.11,0,0.63,0,0.32,0.21,1.9,3.39,0,74,401,926948
1271,57.42,88.86,35.7,46.03,23.98,22.5,83.48,55.86,18.88,10.23,2.28,2.75,2.99,1.1,1.1,8.65,6.37,14.87,8.26,5.19,7,0.24,16.44,2.68,2.05,2.05,1.18,2.2,2.05,1.42,0.31,0,0,0.08,11.72,0,0.08,0,1.1,9.99,2.36,1.57,1.73,2.52,1.02,2.75,3.07,2.36,0.24,0.39,1.49,0.47,0.63,0,0.16,7.24,4.01,1.18,0.94,1.18,0.24,3.62,10.86,1.1,14.24,1.65,9.99,2.52,2.28,0.31,1.02,0.31,0,0,0.24,0,0,0.16,0.08,0,15.26,5.11,6.37,0.08,0,0.16,0,0.16,0.47,2.75,0.16,0,91,523,955827
3226,48.39,75.54,34.05,29.4,16.29,15.53,84.97,58.83,18.32,8,1.58,3.25,0.53,1.05,1.58,10.29,7.97,13.02,10.57,5.3,6.88,1.43,19.34,3.35,1.92,1.64,1.55,1.52,3.04,1.58,1.36,0.22,0.25,0.28,9.42,0.37,0.19,0.09,1.33,10.76,2.32,1.12,1.83,2.82,0.71,3.29,2.17,1.15,0.5,0.43,2.08,0.9,0.37,0,0.84,6.94,3.81,0.99,0.93,1.18,0.28,7.32,9.64,1.55,14.23,2.67,7.81,4.34,1.36,0.5,0.25,0.09,0.28,0.37,0.37,0,0,0.15,0.19,0.03,18.57,6.26,7.59,0.03,0,0.71,0.12,0.28,0.5,2.82,0.25,0,109,1056,554360
1500,58.15,87.97,23.51,33.83,17.65,27.53,79.47,51.47,14.07,8.8,0.67,5.6,1,0.2,1.33,5.27,5.4,13.33,7.93,5.6,8.27,0.93,13.47,3.87,2,1,1.47,1.47,5.67,3.07,2.6,0.53,0.13,0.13,9.87,0.07,0.07,0,0.2,13.47,3.53,3.13,2.13,2.13,0.73,3.13,1.47,0.87,0.2,0.33,1.4,0.27,0.73,0.07,0.4,11.47,5.93,2.07,1.93,1.13,1.07,4.4,9.07,0.8,11.67,1.73,6.47,2.93,2.4,0.33,0.07,0.07,0,0,0.6,0,0,0.2,0.33,0.07,15.8,5.47,6.13,1.33,0,0.33,0,0.27,0.13,1.87,0.27,0,153,560,1212774
2180,79.7,58.35,45.2,44.22,23.44,20.69,80.18,53.85,11.79,5.6,1.79,1.61,0.64,0,1.56,6.19,9.59,14.54,7.25,5.87,7.66,0.87,13.49,5.69,3.94,2.2,1.24,3.35,3.85,2.43,1.42,0.18,0.55,0.46,5.55,0,0,0.05,0.14,11.33,2.61,2.06,0.83,3.26,0.96,3.03,1.38,0.64,0.28,0.28,1.47,0.14,0.6,0,0.64,6.42,1.74,1.33,2.39,1.24,0.28,4.63,7.94,0.69,13.67,1.88,7.89,4.13,1.24,0.32,0.18,0.28,0,0.41,0.46,0,0,0.09,0.37,0,15,4.59,7.52,0.05,0,0.46,0,0.37,0.18,1.74,0.09,0,166,910,887823
2272,71.64,77.28,22.25,34.15,20.29,18.84,77.2,51.45,13.64,7.26,1.41,2.77,0.53,0.13,2.42,6.38,7.13,14.22,7.35,5.33,7.09,0.88,13.03,4.49,2.42,1.5,1.98,2.6,3.61,1.98,1.5,0.09,0.84,0.31,8.45,0.09,0.13,0.22,0.04,7.88,1.45,1.67,1.1,1.45,1.14,1.98,1.01,0.4,0.18,0.31,2.46,0.31,1.14,0.04,1.01,8.27,3.52,1.19,2.24,1.41,0.53,2.82,9.9,0.53,12.81,1.94,7.75,3.21,1.32,0.44,0.44,0.48,0.04,0.7,0.13,0,0,0.13,0,0,15.67,5.5,6.29,0.31,0,0.35,0,0.53,0,2.38,0.26,0.04,253,957,2436104
1120,48.12,77.6,21.42,41.94,18.98,23.66,82.95,52.5,13.84,6.07,0.71,4.02,0.71,0,0.62,7.77,5.36,11.79,9.2,5.18,9.46,1.07,13.66,5.71,3.66,2.05,1.96,2.32,3.04,1.88,0.98,0.09,0.18,0.09,7.41,0.09,0,0,0.09,10.62,1.43,3.39,1.34,2.41,0.54,2.77,4.02,0.98,0.27,2.59,3.48,0.89,0.71,0,1.7,7.86,4.11,1.7,0.89,1.52,0.27,2.5,11.43,0.89,12.68,1.52,6.16,5.09,2.41,0.62,0.09,0.18,0.09,0.18,0.09,0,0,0.09,0,0,16.79,5.62,9.02,0,0,0.45,0,0.09,0.18,1.25,0.18,0,463,542,1151214
2408,82.91,76.88,59.38,27.15,22.72,18.11,81.6,53.82,12.62,6.4,1.12,3.16,1.45,0.08,0.58,6.23,9.05,16.32,7.72,4.82,7.06,0.79,14.53,5.23,2.41,1.79,1.12,1.91,2.16,1.12,1.04,0.17,0.08,0.46,6.98,0,0.04,0.25,0.33,9.39,2.12,1.87,0.79,2.08,1.33,2.33,4.03,3.2,0.21,0.46,0.71,0.04,0.21,0,0.37,9.26,3.32,1.62,3.41,0.54,0.71,1.83,11.13,1.33,17.73,2.74,12.42,2.74,2.03,0.42,0.08,0.29,0,0.12,0.08,0,0,0.04,0.04,0,14.08,4.61,5.56,0.17,0,0.29,0,0.58,0.08,2.7,0.08,0,177,830,692579
1842,77.86,75.48,52.6,53.32,17.88,17.86,82.68,55.32,13.95,5.81,0.49,3.26,1.63,0.16,0.27,8.14,9.66,15.04,8.31,5.86,5.97,0.81,13.9,4.83,3.15,2.66,2.28,4.07,2.39,1.9,0.43,0.22,0,0.05,6.79,0,0,0,0.16,11.02,2.01,2.88,0.71,1.9,1.3,3.47,2.55,1.9,0.33,0.27,0.38,0,0.05,0,0.33,8.25,3.42,1.41,2.23,1.41,0.16,1.36,14.01,0.98,16.29,3.2,8.79,4.23,1.63,0.11,0.05,0.05,0,0,0.65,0,0,0.27,0.38,0,16.61,5.65,6.19,0.27,0.11,0.92,0,0.33,0.65,2.39,0.11,0,143,730,1150409
2208,73.44,75.03,46.47,39.54,19.71,16.89,84.28,53.89,13.27,5.93,0.95,3.8,0.77,0,0.41,7.34,8.24,14.95,8.61,6.43,6.39,0.68,14.13,3.76,2.45,1.63,5.75,3.58,2.76,1.77,1,0.05,0.23,0.32,6.61,0,0.05,0,0,10.73,2.17,2.04,1.54,2.08,1.68,2.76,0.95,0.59,0.18,0.18,0.36,0.05,0.14,0,0.14,9.28,4.48,1.86,2.17,1.09,0.36,2.49,11.46,1,16.12,2.76,7.93,5.53,2.67,0.18,0,1.18,0.05,0.18,0.09,0.05,0,0.05,0,0,15.17,5.89,6.66,0.09,0,0.18,0,0.14,0.09,1.77,0.36,0,22,916,877692
1770,68.7,81.24,79.18,71.39,20.34,15.25,86.27,54.41,14.92,9.04,2.71,4.01,0.9,0.79,0.62,5.88,6.33,15.48,8.76,4.97,6.05,1.24,15.88,3.84,1.58,1.07,4.12,1.92,5.37,3.9,1.47,0.34,0.34,0.4,9.94,0.51,0,0.85,0.96,9.15,2.32,1.19,1.3,2.2,1.75,2.03,2.26,0.79,0.56,0.79,1.41,0.96,0.23,0.06,0.11,10.34,4.63,1.98,2.26,1.36,0.9,4.69,9.32,1.53,20.9,2.94,11.98,6.38,1.58,0.51,0.28,0.34,0.06,0.17,0.11,0,0,0.06,0.06,0,19.55,5.59,9.21,0.11,0,0.28,0,0.34,0.56,2.43,1.02,0,32,962,972816
1774,52.04,82.39,42.71,42.11,25.34,15.28,87.49,60.32,16.4,7.27,1.18,2.87,0.96,0.11,2.14,9.13,8.68,13.98,11.16,7.44,6.6,1.3,17.31,3.95,2.03,1.92,1.35,2.31,3.16,2.03,1.13,0.23,0.34,0.17,11.44,0.11,0.23,0,0.28,12.46,1.3,2.09,1.47,2.71,2.65,3.49,3.66,0.85,2.82,0,0.34,0,0.23,0,0.17,9.02,3.33,1.13,2.65,1.13,0.96,6.6,10.26,0.9,15.5,2.14,9.08,4.68,0.73,0.39,0.11,0.51,0.06,0,0.17,0,0,0,0.17,0,16.97,4.62,8.17,0.11,0,0.23,0,0.62,0,2.87,0.34,0,83,570,1243218
2243,61.65,73.52,52.96,39.31,25.49,18.5,83.28,55.64,13.33,6.11,0.53,4.86,0.53,0,0.18,7.18,6.6,15.25,8.52,7.18,8.6,1.03,13.82,4.32,2.45,1.38,2.27,2.81,3.61,2.18,1.43,0.49,0.04,0.22,7.04,0.04,0.13,0,0,12.62,1.56,2.81,2.41,3.25,0.98,4.59,1.25,0.36,0.27,0.45,0.58,0.09,0.22,0,0.27,10.03,5.17,0.76,2.72,0.67,0.94,1.25,10.97,2.32,17.16,2.72,9.54,5.22,1.96,0.13,0.18,0.85,0,0.09,0.31,0,0,0.09,0.22,0,14.62,4.73,5.75,0.22,0,0.04,0,1.56,0,2.1,0.18,0.04,164,863,1158020
3370,38.4,84.78,50.65,29.75,21.19,17.98,89.58,61.42,18.16,10.15,3.18,3.53,2.14,0.06,1.25,8.01,7.15,14.15,11.96,7,7.8,1.45,19.94,3.23,2.11,2.43,1.54,2.37,3.83,2.02,1.78,0.09,0.53,0.39,12.17,0.15,0.06,0.15,0.06,12.31,2.82,2.34,1.36,3,0.95,2.94,1.78,0.68,0.77,0.18,0.74,0.27,0.21,0.03,0.24,8.43,4.21,1.48,1.45,1.1,0.65,4.93,13.09,1.31,13.59,2.05,7.63,4.27,1.31,0.33,0.12,0.59,0.15,0,0.56,0,0,0.21,0.36,0,19.11,5.16,7.98,1.04,0,0.74,0,0.06,0.47,3.29,0.24,0.12,65,1275,1054718
2335,57.43,85.11,28.08,48.84,22.67,17.22,83.25,55.89,15.97,8.74,1.41,4.07,0.81,0.04,2.4,7.24,7.32,13.15,8.09,5.52,8.57,0.64,14.56,3.68,1.67,1.93,1.71,2.61,3.73,2.48,1.24,0.3,0.39,0.26,10.41,0.73,0.17,0.17,0.09,11.43,2.06,1.84,1.41,3.64,1.58,2.83,2.23,1.46,0.34,0.34,2.01,0.3,0.9,0,0.81,9.46,5.01,1.8,1.2,1.03,1.11,4.03,9.98,1.11,12.68,1.54,6.94,4.54,2.48,0.43,0.13,0.3,0.09,0.21,0.21,0,0,0.09,0.04,0.09,12.89,4.63,5.27,0.21,0.09,0.43,0,0.09,0.09,1.84,0.26,0,21,826,729236
2329,86.45,82.21,31.82,45.49,34.76,20.7,81.32,51.74,13.1,6.4,0.69,3.86,1.33,0,0.52,6.7,9.57,15.29,7.21,3.82,5.5,0.77,13.48,3.99,1.63,0.86,1.8,2.06,3.05,2.02,0.94,0.09,0.04,0.26,7.3,0.09,0.21,0,0.09,9.19,1.8,2.36,1.67,2.45,0.77,1.8,1.59,1.03,0.17,0.13,4.59,0.04,0.3,0,4.25,8.76,4.08,1.76,1.37,1.29,0.6,2.79,9.96,1.07,15.54,2.71,8.46,4.51,1.42,0.86,0.17,0.47,0,0.04,0.13,0,0,0,0.13,0,11.55,4.04,3.69,0.04,0,0.04,0,0.56,0.34,2.75,0.09,0,43,817,1013976
1011,67.13,71.03,76.43,39.95,24.66,17.61,83.88,56.28,15.53,8.31,2.67,3.56,0.79,0.49,0.79,7.22,7.42,15.73,7.52,7.02,6.82,0.99,12.46,3.96,2.67,1.48,1.48,2.57,2.18,1.48,0.69,0,0.2,0.1,7.62,0.2,0,0.3,0.49,9.69,1.78,1.29,0.89,2.08,1.38,2.77,1.98,1.09,0.59,0.2,1.88,0.4,0.79,0,0.59,7.81,3.96,1.29,2.08,0.49,0.3,3.76,9.4,0.59,19.49,2.77,12.46,4.65,1.88,1.88,0.2,0.3,0.1,0.1,0.1,0,0,0,0.1,0,14.44,5.14,5.64,0.1,0,0.2,0,0.79,0,2.37,0.2,0,25,409,1468644
2220,80.75,70.73,44.57,42.96,24.67,19.23,81.71,53.06,13.15,6.62,1.4,1.85,1.08,0.14,2.16,6.53,7.43,16.8,7.93,4.82,6.26,0.86,14.37,3.6,1.94,1.53,1.53,3.38,3.11,2.03,1.08,0.5,0.09,0.32,7.03,0,0,0.09,0.05,11.53,2.39,3.65,0.68,2.43,1.4,2.21,1.49,0.99,0.05,0.41,2.12,0.09,0.27,0,1.67,6.71,2.03,1.76,1.44,1.22,1.04,2.03,11.98,1.13,15,2.39,8.33,4.14,1.85,0.18,0,0.27,0.05,0.45,0.27,0.05,0.05,0.09,0.14,0,15.36,5.45,5.72,0.18,0,0.5,0,0.81,0.18,2.34,0.18,0,52,836,1332162
2237,42.48,81.31,32.28,58.76,22.15,16.9,82.61,55.34,17.03,9.07,2.06,3.8,0.72,0.58,1.92,7.96,6.17,12.47,8.4,7.24,8.9,0.67,16.72,5.32,2.28,1.48,2.06,2.01,2.55,2.1,0.36,0.09,0.09,0.09,9.61,0,0.13,0.09,0.72,10.37,2.06,1.88,1.48,2.01,1.25,2.5,6.08,5.5,0.31,0.22,1.83,0.85,0.63,0.04,0.13,8.4,4.34,1.25,2.01,1.12,0.13,3.08,10.91,0.58,13.68,2.15,8.18,3.71,1.07,0.8,0.09,0.18,0.09,0.04,0.13,0,0,0.13,0,0,18.19,5.41,7.24,0.09,0,0.27,0.04,0.58,0.27,3.76,0.54,0,19,834,1853424
1634,64.72,96.94,21.86,79.36,22.38,17.63,82.68,51.65,14.14,9.85,0.31,6.98,0.98,1.04,0.55,4.28,6.85,13.1,6.79,5.08,8.2,1.41,14.69,2.88,1.35,1.22,2.82,2.39,3.67,3.3,0.37,0,0.06,0.12,15.12,0.31,0.37,0.37,1.04,10.53,2.57,1.96,0.92,1.65,1.35,2.63,1.9,0.67,1.04,0.18,0.61,0.18,0.06,0,0.31,14.26,9.12,2.2,2.51,1.16,0.37,5.32,8.45,1.04,12.79,1.96,5.57,5.26,4.83,0.73,0.55,0.61,0.12,0,0.55,0,0.06,0.24,0.24,0,20.62,6.43,5.88,2.82,0,0.55,0.18,0.8,0.98,1.53,1.22,0.24,105,660,1219306
1969,71.37,65.79,48.48,53.46,18.58,17.01,83.29,54.29,14.42,7.06,2.89,1.27,1.32,0.56,1.02,7.36,8.99,13.66,7.31,5.84,7.11,1.02,14.12,6.09,2.89,1.63,1.17,2.13,3.5,2.44,0.96,0.05,0.1,0.36,7.21,0.46,0.15,0.46,0.61,7.77,2.08,1.22,0.61,1.17,1.37,1.73,3.86,1.47,0.81,1.37,3.71,0.56,0.51,0,1.63,6.4,1.78,1.52,2.29,0.91,0.56,3.91,9.24,0.91,15.24,2.13,8.99,4.52,1.47,1.17,0.15,0.1,0.3,0.05,0.51,0.1,0.05,0.1,0.3,0,21.48,6.65,8.79,0.3,0,0.76,0.05,0.61,0.81,2.59,0.81,0.1,42,949,1198546
2553,64.61,77.99,30.73,72.03,22.59,19.58,83.16,51.08,13.2,5.64,0.47,3.88,0.9,0,0.39,7.56,6.07,13.94,8.34,5.72,6.89,1.57,15,6.19,3.53,1.96,2.51,3.29,4.31,3.33,0.86,0.16,0.2,0.16,8.11,0.08,0.04,0.04,0,11.99,2,2.15,1.92,2.39,1.53,3.09,1.29,0.47,0.43,0.2,3.02,0.2,0.59,0.04,2.23,10.22,4.54,1.72,2.62,1.65,0.67,2.35,12.3,1.06,14.34,2.55,7.52,4.39,2.59,0.43,0.04,0.27,0.04,0.12,0.24,0.04,0,0.08,0.12,0,16.84,5.95,6.74,0.08,0.08,0.27,0.04,0.78,0.24,2.43,0.24,0,110,918,1184159
1392,87.54,46.84,78.07,54.17,23.59,19.83,79.74,49.07,11.49,6.97,4.38,0.79,0.43,0,1.36,4.53,8.19,15.45,6.11,3.95,6.18,0.72,10.85,6.68,3.52,0.79,2.08,2.44,3.38,2.44,0.93,0.29,0.57,0.14,5.1,0,0.14,0,0.07,8.05,1.72,1.44,0.5,2.01,1.51,2.01,3.95,2.23,0.65,0.72,2.44,0.86,0.29,0.14,0.93,6.11,1.72,1.36,2.51,0.72,0.57,3.02,7.26,0.65,18.03,2.59,9.77,5.75,1.29,1.8,0.14,0.29,0.22,0.22,0.07,0,0.07,0,0,0,14.08,5.46,5.53,0,0,0,0,0.43,0.14,1.51,1.01,0,36,610,901880
2630,35.28,75.68,41.65,60.37,14.86,16.58,86.08,55.89,19.89,9.92,3.19,2.93,1.94,0.23,1.63,9.96,6.62,11.29,9.62,5.86,6.92,1.86,17.49,4.14,1.9,2.51,2.09,2.47,3.95,2.85,1.03,0.15,0.15,0.11,10.19,0.04,0.19,0,0.23,12.09,1.9,2.93,1.86,2.7,1.29,3,2.02,0.8,0.72,0.15,3.12,0.27,0.57,0,2.24,7.76,3.61,1.52,1.25,1.18,0.65,3.35,13,1.25,13.73,2.28,7.22,4.49,1.98,0.61,0.3,0.72,0,0.38,0.34,0.04,0.04,0.08,0.19,0.04,22.97,6.84,6.65,0.27,0.11,1.75,0.08,0.38,1.41,4.26,1.14,0.08,83,955,1589527
2174,67.3,78.7,63.34,54.34,18.58,16.42,83.35,55.47,15.09,7.36,1.29,3.68,2.02,0.05,0.32,7.73,8.28,14.86,8.65,6.58,6.81,0.69,16.38,4.92,2.02,1.2,1.98,2.07,2.35,1.93,0.41,0,0,0.23,7.08,0.05,0.09,0.05,0.05,10.21,1.84,2.25,1.29,3.04,0.87,2.85,3.63,2.99,0,0.64,0.74,0.28,0.23,0,0.18,8.69,4.09,0.6,2.76,1.33,0.18,3.5,12.6,1.2,18.4,2.94,11.68,4.32,1.1,0.78,0.09,0.28,0,0.05,0.18,0,0,0.05,0.09,0.05,16.01,5.98,5.84,0.05,0.05,0.14,0,0.74,0,3.04,0.09,0.09,28,681,1487112
2217,54.42,95.06,32.18,76.6,18.32,21.92,83.18,51.33,17.05,10.87,1.31,7.67,0.86,0.27,0.77,6.18,5.01,12.76,9.25,4.01,5.46,1.4,13.67,5.23,2.75,1.31,2.71,3.07,4.42,3.52,0.77,0.09,0.45,0,13.76,0.05,0.09,0.18,0.77,9.97,0.68,2.03,0.81,1.26,2.93,3.07,1.98,0.72,0.77,0.54,1.26,0.5,0.5,0.05,0.18,13.89,8.66,1.22,3.2,0.72,0.68,2.66,10.33,0.72,14.25,1.8,8.84,3.83,2.89,0.54,0.09,1.62,0.27,0,0.23,0,0,0.18,0.05,0,18.18,6.77,7.17,0.23,0,0.14,0,0.41,0.18,1.94,1.35,0,89,1134,1954438
1768,53.78,67.85,39.11,61.16,24.22,14.88,82.86,54.07,15.95,6.22,1.19,0.96,1.87,1.36,0.85,9.73,7.18,12.61,8.37,7.41,6.84,0.85,14.2,4.98,3.39,1.92,2.49,2.04,2.43,2.15,0.28,0,0.11,0,7.3,0,0.23,1.19,0.28,12.44,2.71,1.7,1.41,2.94,1.3,3.45,4.07,1.02,2.04,0.74,2.09,1.41,0.34,0.17,0.4,5.43,1.87,0.4,2.6,0.74,0,4.47,7.52,0.74,14.76,1.13,9.05,4.64,0.85,0.28,0.17,0,0.06,0.11,0.68,0,0.06,0.34,0.28,0.06,25.45,6.67,8.03,2.21,0,1.07,0.11,0.9,0.34,2.26,3.85,0,87,747,2272081
1901,69.57,86.77,31.74,44.03,24.69,21.41,81.9,53.45,13.62,7.68,0.42,6.1,0.63,0,0.53,5.94,6.15,15.52,8.42,4.84,7.36,1.21,13.41,5.21,2.58,1.74,0.68,3.26,3.05,2,1,0.16,0.16,0.26,9.52,0,0.05,0,0.05,11.99,2.68,2.1,1.58,2.74,1.16,3.42,1.42,0.26,0.26,0.68,2.84,0.74,0.89,0.11,0.74,9.52,6.26,1.58,0.95,0.68,0.63,2,9.47,1.42,13.2,2.1,7.15,4.21,1.21,0.32,0.21,0.37,0.05,0.21,0.32,0.05,0.05,0,0.21,0,12.68,3.95,5.63,0.16,0,1,0,0.58,0.11,1.16,0.11,0,92,771,1468353
2698,65.86,80.39,48.87,44.8,22.67,13.49,83.36,56.12,13.27,6.38,0.67,4,0.96,0.26,0.48,6.89,7.38,15.05,10.27,6.78,6.6,0.74,17.27,4.52,2.74,1.45,2.97,3.11,3.11,2.08,1.04,0.33,0.22,0.15,8.45,0.04,0.07,0.11,0.3,11.01,1.59,1.48,1.48,2.89,1.45,3.26,1.67,0.78,0.26,0.63,1.85,0.26,0.52,0.07,0.93,9.08,4.23,1.37,1.59,1.89,0.26,1.89,12.94,2.85,17.05,2.41,9.97,4.86,1.15,0.41,0.19,0.15,0,0.04,0.48,0.19,0,0.11,0.15,0.04,14.86,6.12,5.19,0.3,0,0.41,0,0.19,0.07,2.37,0.22,0,139,1034,1419325
2362,25.66,90.44,17.58,46.86,16.4,18.12,86.16,57.75,18.08,8.72,0.42,3.01,3.85,0.76,0.68,9.36,5.38,12.07,13,6.6,8.26,1.61,19.64,4.57,2.54,2.79,2.67,2.75,2.58,1.86,0.72,0.42,0.04,0.04,11.69,0.47,0.08,0.51,0.51,12.74,2.24,2.75,1.27,3.3,1.31,3.43,1.74,0.38,0.97,0.3,2.37,0.42,1.02,0.42,0.47,6.6,3.22,0.93,1.19,1.23,0.55,3.98,13.51,1.27,11.35,2.16,5.29,3.85,1.4,0.93,0.08,0.25,0,0.21,0.3,0,0,0.04,0.21,0,20.49,6.6,6.31,0.25,0,0.59,0,0.51,0.68,4.19,1.19,0.17,77,889,1973225
2342,79.54,63.37,48.06,22.46,18.02,20.28,81.6,52.95,11.66,5.04,0.68,1.58,1.79,0.04,0.94,6.62,9.78,13.75,8.37,4.4,6.49,2.01,13.66,4.65,2.39,0.68,2.95,2.01,3.5,1.62,1.84,0.77,0.26,0.43,5.81,0,0.09,0,0.04,10.67,2.22,0.94,1.84,2.18,1.67,3.03,1.32,0.64,0.26,0.43,2.31,1.28,0.51,0.04,0.56,6.66,1.75,0.81,2.43,1.11,0.85,3.16,9.44,1.11,16.65,1.71,9.35,5.72,0.64,1.32,0.09,0.04,0,0.43,0.13,0.04,0,0.09,0,0,18.1,6.32,7.09,0.21,0.13,0.3,0,0.85,0.6,2.35,0.26,0,48,949,1426970
1563,77.79,63.03,20.81,57.22,26.95,22.9,84.2,49.39,13.5,3.84,0.83,1.6,0.26,0.13,1.02,9.66,6.59,14.78,8,4.16,5.25,0.7,14.01,4.8,3.01,1.86,3.84,3.07,4.54,3.07,1.41,0.32,0.32,0.32,5.31,0.26,0,0,0.45,11,1.6,3.01,2.24,1.66,1.6,2.3,1.22,0.51,0.45,0.26,0.32,0,0.19,0,0.06,8.57,2.24,1.09,3.07,1.47,1.15,2.94,9.6,0.7,13.76,2.05,7.81,4.29,4.86,0.06,0,5.63,0.06,0,0.13,0,0,0.06,0.06,0,15.55,4.86,6.4,0.32,0.06,0.32,0,0.45,0.9,2.11,0.13,0,40,772,1184083
918,88.05,49.13,76.18,43.65,22.95,21.57,82.14,50.98,13.4,10.35,6.32,1.53,0.65,1.2,0.65,3.05,8.93,16.01,5.12,3.16,6.75,0.98,9.69,5.23,3.27,0.76,1.85,2.72,4.14,2.4,1.42,0.33,0.33,0.65,7.08,0.76,0,1.85,0,9.15,1.63,1.63,0.76,2.07,1.74,2.18,3.38,1.31,0.44,0.87,2.18,1.09,0.54,0.11,0.22,7.52,2.51,1.42,2.61,1.09,0.33,2.94,6.43,0.87,17.1,3.38,8.5,5.56,1.42,1.09,0.33,0.11,0.11,0.22,0,0,0,0,0,0,14.71,5.77,5.77,0.11,0,0,0,0.54,0.22,1.42,0.87,0,34,434,1078782
766,35.61,72.58,62.1,44.93,29.46,19.97,83.94,56.92,17.23,7.83,1.83,3,1.04,0,1.96,9.4,6.14,12.92,8.75,9.4,8.75,1.04,15.27,6.01,2.74,2.22,1.7,1.83,3.13,2.09,1.04,0,0.39,0.26,8.49,0.26,0.13,0,0,10.84,1.83,2.09,0.26,2.87,1.04,3.66,3.39,2.61,0.52,0.26,3,0.65,1.44,0,0.26,6.01,3.52,0.91,1.04,0.65,0.13,2.74,13.05,0.52,15.8,1.31,8.09,6.27,0.78,0.52,0,0.26,0,0.26,0.13,0,0,0.13,0,0,18.8,4.96,7.83,0.13,0,0,0,0.39,1.04,3.13,1.31,0,30,289,971212
2665,51.11,76.89,46.09,35.61,18.9,16.44,84.05,57.07,15.72,7.35,1.8,2.63,1.09,0.53,1.31,8.37,7.17,13.58,9.46,7.77,6.79,1.58,16.17,4.69,2.44,2.14,1.43,2.7,2.74,1.65,1.09,0,0.19,0.23,10.02,0,0.04,0.04,0.68,11.63,2.18,1.99,1.13,2.63,1.88,2.93,2.29,1.16,0.45,0.6,1.09,0.38,0.49,0.08,0.04,7.77,3.11,0.75,2.89,0.75,0.53,3.34,12.72,0.6,15.16,1.84,9.49,3.79,1.05,0.45,0.41,0.23,0,0.04,0.45,0.08,0,0.15,0.19,0.04,19.32,6.04,7.77,0.11,0,0.26,0,0.64,0.64,3.41,0.45,0,30,952,990075
1236,71.05,66.89,50.24,40.3,15.65,17.56,78.64,51.38,13.43,6.31,1.13,3.88,0.32,0,0.97,7.12,9.55,11.89,7.28,5.42,6.88,1.62,12.7,5.58,2.59,1.54,1.7,3.24,1.46,1.13,0.32,0,0.08,0.08,6.31,0,0,0.08,0.08,11.17,1.7,2.67,1.62,2.59,1.21,3.4,2.1,0.57,0.16,1.13,2.43,0.32,0.81,0,1.29,7.04,4.53,0.57,1.54,0.4,0.24,1.29,11.17,0.73,16.42,2.27,9.06,5.5,2.27,0.32,0.65,0,0.24,0.08,0.24,0,0,0,0.24,0,16.5,7.52,5.99,0.08,0,0.16,0,0.49,0,1.62,0.65,0,59,551,1320671
1668,59.72,83.28,16.05,63.28,19.4,20.8,81.35,53.6,14.99,7.79,0.66,4.56,1.5,0,1.08,7.19,6.12,13.49,8.15,5.22,8.15,0.6,13.43,3.72,2.22,1.38,1.32,2.7,2.46,2.22,0.24,0.06,0.06,0,8.45,0,0.24,0,0,13.85,1.92,4.74,2.4,2.7,0.66,3.6,1.8,0.3,0.06,0.12,2.22,0.42,0.48,0.06,1.26,8.87,5.28,1.26,1.8,0.66,0.18,3,9.23,1.2,11.27,1.5,6.47,3.3,3.72,0.42,0.3,0.66,0,0,0.42,0,0,0.06,0.36,0,14.21,5.76,5.88,0,0,0.6,0,0.42,0,1.44,0.12,0,65,715,1258539
2677,60.92,63.88,56.89,39.82,18.99,20.13,77.66,52.15,15.05,9.79,4.78,2.13,1.2,0.56,1.12,5.27,6.87,12.33,5.9,5.16,9.41,0.75,12.78,3.88,1.87,0.86,1.79,2.05,2.76,1.76,0.97,0.41,0.11,0,8.59,1.05,0.07,0.93,0.41,10.38,2.5,2.17,1.08,1.79,0.86,2.8,1.83,1.08,0.6,0.07,0.56,0.15,0.34,0,0.11,7.62,3.21,0.82,2.58,1.01,0.22,5.04,7.02,0.82,13.6,2.88,7.21,3.85,1.87,0.3,0.26,0.41,0,0.04,0.6,0.04,0,0.19,0.34,0,16.81,6.01,7.06,0.19,0,0.41,0.07,0.78,0.37,1.31,0.6,0,134,1099,2396450
1939,46.35,90.3,42.76,62.92,20.63,19.34,85.71,54.82,16.25,8.61,1.13,5.78,1.13,0,0.57,7.63,6.19,12.64,9.75,5.52,7.84,1.7,16.97,4.02,1.24,2.27,1.7,1.55,3.92,2.94,0.98,0.15,0.31,0.26,12.02,0.05,0,0.05,0,12.33,3.25,2.94,1.44,2.06,0.83,3.09,1.5,0.41,0.15,0.57,0.77,0.21,0.46,0,0.1,10.99,6.29,1.44,2.27,1.5,0.36,2.78,13.1,0.88,13.87,2.68,7.01,4.18,2.17,0.41,0.05,0.93,0.05,0.15,0.05,0,0,0.05,0,0,16.97,5.67,7.32,0.05,0,0.57,0,0.05,0.41,2.58,0.31,0,74,952,1018830
1767,66.04,77.07,24.82,62.26,15.92,20.43,83.64,52.97,14.26,7.02,1.13,3.57,1.19,0.11,1.02,7.24,7.47,13.53,9.17,6.11,5.26,1.36,14.94,5.83,3.62,1.36,2.49,2.77,4.41,3.11,1.19,0,0.23,0.4,8.6,0.06,0.17,0,0.17,11.54,1.58,3.23,1.08,1.58,1.7,3.34,1.7,0.45,0.57,0.51,2.94,1.47,0.96,0.11,0.57,7.64,3.96,1.36,1.41,1.08,0.79,3,11.83,1.36,12.05,1.98,5.26,4.87,3.28,0.4,0.11,0.17,0.06,0.17,0.51,0.11,0,0.11,0.28,0,19.64,7.13,8.38,0.51,0,0.34,0.06,0.51,0.11,2.15,0.45,0,20,801,1211098
1876,62.55,78.03,45.42,53.85,22.6,20.36,86.03,55.38,16.52,8.69,2.19,4.16,1.39,0,0.96,7.84,6.24,15.35,8.1,6.02,5.86,1.55,14.93,4.58,2.45,1.07,1.76,3.2,3.68,2.56,1.07,0,0.21,0.21,9.06,0.16,0.16,0,0.11,12.69,3.04,1.39,1.49,2.77,2.03,2.93,1.76,0.59,0.8,0.27,2.88,0.43,1.55,0.32,0.11,8.26,4.74,1.39,1.6,0.69,0.43,2.13,11.51,1.17,13.65,1.92,6.13,5.17,2.99,0.27,0.16,0.27,0.11,0,0.69,0.21,0,0.21,0.11,0,15.83,5.12,5.65,0.16,0.11,0.43,0,0.32,0.75,2.45,0.64,0.21,43,759,1059199
1328,48.54,54.21,73.12,74.8,18.97,19.35,85.32,53.31,14.91,5.2,1.73,1.73,1.05,0,0.68,9.71,6.93,13.7,8.06,8.73,9.64,0.75,13.1,5.35,3.54,1.73,2.79,2.26,3.69,3.16,0.53,0.08,0.08,0.15,4.97,0,0,0,0,12.8,2.26,2.48,0.38,3.54,0.98,4.22,3.01,0.75,0.83,0.98,2.56,1.28,0.83,0,0.45,4.74,1.88,0.68,1.81,0.38,0,1.66,11.14,1.05,16.87,1.81,9.56,5.5,1.43,0.75,0,0.15,0,0.23,0.45,0,0,0.15,0.3,0,19.58,6.17,6.85,0.08,0,0.3,0.08,0.38,0.15,4.52,1.05,0,14,649,827288
2679,34.77,83.97,24.76,54.59,16.96,13.1,86.6,60.06,20.04,9.29,0.9,2.46,3.7,0.04,2.2,10.75,7.73,12.06,10.68,6.16,8.14,1.19,19.86,2.24,2.2,1.9,1.38,2.13,2.95,2.2,0.67,0.11,0.04,0,9.74,0,0.07,0,0.07,11.94,0.86,2.91,2.24,3.58,0.56,3.88,2.05,1.42,0.15,0.15,4.11,1.64,0.75,0,2.05,6.68,2.99,0.78,0.93,1.68,0.41,2.2,15.6,2.24,13.55,2.95,7.5,3.4,0.71,0.22,0.07,0,0.04,0.11,0.52,0,0,0.3,0.22,0,19.86,5.97,7.76,0.11,0.26,0.6,0,0.71,0.52,3.77,0.15,0,44,850,1107711
1538,71.02,66.61,46.97,43.55,21.36,19.25,79.06,51.95,10.27,4.62,0.26,2.15,0.78,0.07,1.37,5.66,7.74,13.13,8.32,4.81,9.49,1.17,13.07,4.1,2.6,1.5,1.17,1.76,2.02,1.5,0.52,0.13,0.07,0.26,6.5,0,0,0,0.07,11.51,1.69,3.25,0.59,2.86,1.24,3.71,5.79,0.72,4.42,0.39,2.02,0.2,0.85,0.13,0.85,5.85,2.34,1.3,1.82,0.72,0.13,1.76,11.44,0.78,15.54,2.28,8.78,4.62,0.59,0.46,0,0.2,0,0.2,0.2,0,0,0,0.2,0,15.54,5.59,6.76,0.26,0.07,0.33,0,0.52,0.52,1.24,0.26,0,15,711,975412
1213,75.12,84.28,49.05,42.21,17.33,21.02,79.55,51.94,12.28,7.17,0.82,4.12,1.07,0.08,1.07,5.11,7.75,14.51,8.33,6.43,6.18,0.49,13.27,5.11,3.13,1.57,1.81,3.71,2.56,1.73,0.82,0.25,0.08,0.16,8.24,0.08,0,0,0.25,9.32,1.65,2.47,0.82,1.57,1.32,2.06,3.22,1.15,0,0.33,1.48,0.08,0.49,0,0.91,8,4.29,0.25,2.72,0.58,0.41,2.23,11.62,1.07,17.23,3.05,8.74,6.18,1.07,0,0.08,0.08,0,0,0.33,0,0,0,0.33,0,12.61,5.85,3.38,0.08,0,0.74,0,0.74,0,1.65,0.16,0,33,543,1052652
1620,83.88,78.53,34.32,85.26,20.77,21.85,80.43,48.46,11.67,5.8,1.67,2.41,1.11,0.12,0.49,5.86,7.59,14.81,7.96,3.46,5.99,0.43,14.44,4.88,2.41,1.42,1.36,1.98,4.51,3.95,0.56,0.06,0.19,0.19,8.27,0.43,0.25,0.19,0,8.52,1.73,1.54,1.05,1.54,1.48,1.79,1.42,0.37,0.8,0.19,2.59,1.42,0.93,0,0.12,8.64,3.77,1.67,2.9,0.74,0.06,3.7,9.57,1.11,14.57,1.6,9.2,4.2,2.59,0.62,0.68,0.62,0.19,3.02,0.49,0,0,0.19,0.19,0.06,17.04,5.74,6.3,0,0,0.62,0,0.8,0.37,1.98,1.23,0,41,777,977590
2084,51.04,74.93,63.57,53.75,21.71,15.98,84.17,56.14,14.78,5.42,0.77,2.93,1.1,0,0.62,9.36,7.25,13.77,7.53,8.59,10.36,0.34,14.49,4.46,3.12,1.92,1.49,1.92,1.97,1.73,0.24,0.05,0,0,6.14,0,0.34,0,0.34,9.07,1.68,2.35,1.01,2.3,0.62,2.35,3.02,2.35,0.1,0.58,0.72,0.1,0.43,0,0.19,6.14,3.12,0.19,1.78,1.06,0.14,3.26,12.72,0.67,19.29,3.98,10.32,5.37,1.06,0.67,0.1,0.43,0,0.05,0.19,0,0,0.14,0.05,0,13.24,5.13,4.8,0,0,0.1,0,0.24,0,2.78,0.19,0,12,668,1031716
1783,45.31,58.43,61.62,65.1,16.21,16.99,83.51,54.8,14.02,7.18,2.08,3.25,0.73,0,1.12,6.84,6.28,12.51,10.6,6.67,7.63,2.47,18.62,5.16,3.08,1.63,0.5,2.52,5.1,3.59,1.51,0.34,0.22,0.45,7.18,0.06,0.11,0,0.11,14.02,2.52,2.58,1.91,2.64,1.85,4.49,3.98,1.51,0.39,1.96,0.5,0.06,0.17,0,0.28,8.92,3.48,0.84,3.53,1.01,0.5,1.12,14.64,1.96,15.59,2.92,9.37,3.53,1.46,0.22,0,0.28,0.06,0,0.45,0,0.06,0.34,0.06,0,19.35,7.01,6.45,0.56,0.17,0.28,0.06,0.45,0.22,3.37,0.79,0,26,787,907844
1138,69.31,69.8,63.2,23.03,19.29,16.96,84.62,52.9,13.53,7.29,2.64,2.9,0.18,0.09,1.49,6.24,8.17,13.44,8.26,5.45,7.64,0.62,15.38,5.45,3.34,1.67,2.37,2.28,5.01,2.37,2.55,0.18,0.44,1.49,7.47,0.62,0.26,0,0.26,8.44,0.79,1.67,1.14,2.28,1.32,2.02,2.81,1.49,0.26,0.79,1.76,0.88,0.53,0,0.35,8.88,3.6,2.46,1.93,1.14,0.79,5.45,8.52,1.49,18.8,1.76,9.05,8.7,1.76,0.26,0,0.18,0.18,0.44,0.26,0.09,0,0.09,0.09,0,15.64,6.15,6.06,0,0.09,0.18,0,0.26,0.35,2.02,0.53,0,17,434,956539
1673,89.78,71.49,45.5,46.71,30.42,21.88,79.02,49.37,11.36,4.84,1.14,1.91,0.96,0.18,0.66,6.52,9.15,15.3,5.98,4.48,5.68,0.12,10.58,5.26,3.05,1.61,4.84,1.97,3.35,2.21,1.08,0.36,0.24,0.36,5.74,0,0.12,0,0.24,7.59,2.21,1.85,0.84,1.32,1.14,1.67,3.53,2.69,0.06,0.42,1.08,0.06,0.54,0,0.54,6.69,2.39,1.79,1.85,0.96,0.42,2.45,6.87,0.9,16.32,1.61,9.56,5.14,1.61,0.42,0.48,0.18,0.12,0.18,0,0,0,0,0,0,12.91,4.42,5.98,0.18,0.12,0.18,0,0.36,0.6,0.96,0.12,0,2,725,646174
